OrderID,OrderDate,CustomerID,Region,ProductID,Sales,Profit,Discount,Quantity,Category
ORD001,15-01-2024,CUST001,East,PROD001,250,50,0.1,2,Technology
ORD002,16-01-2024,CUST002,West,PROD002,300,70,0.15,1,Furniture
ORD003,17-01-2024,CUST003,South,PROD003,150,30,0.05,3,Furniture
ORD004,18-01-2024,CUST001,East,PROD004,200,40,0.1,4,Technology
ORD005,19-01-2024,CUST004,North,PROD005,400,100,0.2,2,Technology
ORD006,20-01-2024,CUST005,West,PROD006,500,120,0.25,1,Office Supplies
ORD007,21-01-2024,CUST003,South,PROD007,120,20,0.1,3,Technology
ORD008,22-01-2024,CUST002,West,PROD008,700,150,0.15,2,Technology
ORD009,23-01-2024,CUST001,East,PROD009,250,60,0.05,4,Furniture
ORD010,24-01-2024,CUST006,North,PROD010,20,5,0.1,10,Office Supplies
ORD011,25-01-2024,CUST007,East,PROD001,500,100,0.1,2,Technology
ORD012,26-01-2024,CUST008,South,PROD003,150,30,0.05,5,Furniture
ORD013,27-01-2024,CUST009,North,PROD005,600,150,0.2,2,Technology
ORD014,28-01-2024,CUST010,West,PROD006,450,110,0.15,3,Office Supplies
ORD015,29-01-2024,CUST007,East,PROD007,150,30,0.1,2,Technology
ORD016,30-01-2024,CUST003,South,PROD008,550,120,0.2,1,Technology
ORD017,01-02-2024,CUST004,North,PROD002,300,70,0.15,3,Furniture
ORD018,02-02-2024,CUST005,West,PROD009,200,40,0.05,4,Furniture
ORD019,03-02-2024,CUST001,East,PROD010,25,5,0.1,10,Office Supplies
ORD020,04-02-2024,CUST002,West,PROD004,150,30,0.15,1,Technology
ORD021,05-02-2024,CUST006,North,PROD005,450,110,0.2,2,Technology
ORD022,06-02-2024,CUST003,South,PROD003,150,30,0.05,2,Furniture
ORD023,07-02-2024,CUST010,West,PROD008,600,140,0.2,1,Technology
ORD024,08-02-2024,CUST007,East,PROD002,300,70,0.15,2,Furniture
ORD025,09-02-2024,CUST008,South,PROD010,50,10,0.1,5,Office Supplies
